,search,user_id,좋아요,hashtags
0,술담화,"sulseam/"" tabindex=""0"">sulseam</a></div>]",136,술샘
1,술담화,"sulseam/"" tabindex=""0"">sulseam</a></div>]",136,양조장
2,술담화,"sulseam/"" tabindex=""0"">sulseam</a></div>]",136,우리술
3,술담화,"sulseam/"" tabindex=""0"">sulseam</a></div>]",136,전통주
4,술담화,"sulseam/"" tabindex=""0"">sulseam</a></div>]",136,술담화
5,술담화,"sulseam/"" tabindex=""0"">sulseam</a></div>]",136,담화박스
6,술담화,"sulseam/"" tabindex=""0"">sulseam</a></div>]",136,술
7,술담화,"sulseam/"" tabindex=""0"">sulseam</a></div>]",136,술스타그램
8,술담화,"sulseam/"" tabindex=""0"">sulseam</a></div>]",136,식전주
9,술담화,"sulseam/"" tabindex=""0"">sulseam</a></div>]",136,식후주
10,술담화,"sulseam/"" tabindex=""0"">sulseam</a></div>]",136,꿀
11,술담화,"sulseam/"" tabindex=""0"">sulseam</a></div>]",136,리큐르
12,술담화,"sulseam/"" tabindex=""0"">sulseam</a></div>]",136,꿀샘16
13,술담화,"sulseam/"" tabindex=""0"">sulseam</a></div>]",136,꿀술
14,술담화,"sulseam/"" tabindex=""0"">sulseam</a></div>]",136,꿀소주
15,술담화,"sooldamhwa/"" tabindex=""0"">sooldamhwa</a></div>]","1,805",해쉬태그없음
16,술담화,"zellabeeon/"" tabindex=""0"">zellabeeon</a></div>]",133,애인
17,술담화,"zellabeeon/"" tabindex=""0"">zellabeeon</a></div>]",133,야식
18,술담화,"zellabeeon/"" tabindex=""0"">zellabeeon</a></div>]",133,술담화
19,술담화,"zellabeeon/"" tabindex=""0"">zellabeeon</a></div>]",133,전통주
20,술담화,"zellabeeon/"" tabindex=""0"">zellabeeon</a></div>]",133,녹파주
21,술담화,"zellabeeon/"" tabindex=""0"">zellabeeon</a></div>]",133,운동
22,술담화,"zellabeeon/"" tabindex=""0"">zellabeeon</a></div>]",133,운동하는커플
23,술담화,"zellabeeon/"" tabindex=""0"">zellabeeon</a></div>]",133,수분보충
24,술담화,"zellabeeon/"" tabindex=""0"">zellabeeon</a></div>]",133,오리버섯볶음
25,술담화,"by_fulloflove/"" tabindex=""0"">by_fulloflove</a></div>]",114,애주가부부
26,술담화,"by_fulloflove/"" tabindex=""0"">by_fulloflove</a></div>]",114,술담화
27,술담화,"by_fulloflove/"" tabindex=""0"">by_fulloflove</a></div>]",114,찾아오는인생술
28,술담화,"by_fulloflove/"" tabindex=""0"">by_fulloflove</a></div>]",114,술정기구독
29,술담화,"by_fulloflove/"" tabindex=""0"">by_fulloflove</a></div>]",114,🍾🍶🍷🍸🍹🍺
30,술담화,"miamoa0128/"" tabindex=""0"">miamoa0128</a></div>]",125,전통주
31,술담화,"miamoa0128/"" tabindex=""0"">miamoa0128</a></div>]",125,아무튼술
32,술담화,"miamoa0128/"" tabindex=""0"">miamoa0128</a></div>]",125,술담화
33,술담화,"miamoa0128/"" tabindex=""0"">miamoa0128</a></div>]",125,우리술
34,술담화,"miamoa0128/"" tabindex=""0"">miamoa0128</a></div>]",125,능이주
35,술담화,"miamoa0128/"" tabindex=""0"">miamoa0128</a></div>]",125,우렁이쌀청주
36,술담화,"miamoa0128/"" tabindex=""0"">miamoa0128</a></div>]",125,가야곡왕주
37,술담화,"miamoa0128/"" tabindex=""0"">miamoa0128</a></div>]",125,녹파주
38,술담화,"your_proud/"" tabindex=""0"">your_proud</a></div>]",395,전통주
39,술담화,"your_proud/"" tabindex=""0"">your_proud</a></div>]",395,술담화
40,술담화,"your_proud/"" tabindex=""0"">your_proud</a></div>]",395,술스타그램
41,술담화,"your_proud/"" tabindex=""0"">your_proud</a></div>]",395,녹파주
42,술담화,"your_proud/"" tabindex=""0"">your_proud</a></div>]",395,대윤가야곡왕주
43,술담화,"your_proud/"" tabindex=""0"">your_proud</a></div>]",395,능이주
44,술담화,"your_proud/"" tabindex=""0"">your_proud</a></div>]",395,우렁이쌀청주
45,술담화,"your_proud/"" tabindex=""0"">your_proud</a></div>]",395,담화박스
46,술담화,"rosa__chung23/"" tabindex=""0"">rosa__chung23</a></div>]",25,냉파주간
47,술담화,"rosa__chung23/"" tabindex=""0"">rosa__chung23</a></div>]",25,자투리채소와
48,술담화,"rosa__chung23/"" tabindex=""0"">rosa__chung23</a></div>]",25,특제양념
49,술담화,"rosa__chung23/"" tabindex=""0"">rosa__chung23</a></div>]",25,버섯누룩
50,술담화,"rosa__chung23/"" tabindex=""0"">rosa__chung23</a></div>]",25,고추누룩
51,술담화,"rosa__chung23/"" tabindex=""0"">rosa__chung23</a></div>]",25,오징어볶음
52,술담화,"rosa__chung23/"" tabindex=""0"">rosa__chung23</a></div>]",25,맛보장👍
53,술담화,"rosa__chung23/"" tabindex=""0"">rosa__chung23</a></div>]",25,식재료
54,술담화,"rosa__chung23/"" tabindex=""0"">rosa__chung23</a></div>]",25,제로웨이스트
55,술담화,"rosa__chung23/"" tabindex=""0"">rosa__chung23</a></div>]",25,노력중
56,술담화,"rosa__chung23/"" tabindex=""0"">rosa__chung23</a></div>]",25,술담화
57,술담화,"rosa__chung23/"" tabindex=""0"">rosa__chung23</a></div>]",25,꿀샘16
58,술담화,"rosa__chung23/"" tabindex=""0"">rosa__chung23</a></div>]",25,리큐르
59,술담화,"rosa__chung23/"" tabindex=""0"">rosa__chung23</a></div>]",25,후다닥한상
60,술담화,"rosa__chung23/"" tabindex=""0"">rosa__chung23</a></div>]",25,저녁
61,술담화,"rosa__chung23/"" tabindex=""0"">rosa__chung23</a></div>]",25,일상
62,술담화,"lovesol2020/"" tabindex=""0"">lovesol2020</a></div>]",5,장난감부자
63,술담화,"lovesol2020/"" tabindex=""0"">lovesol2020</a></div>]",5,갖고놀면치울줄도알아야지
64,술담화,"lovesol2020/"" tabindex=""0"">lovesol2020</a></div>]",5,술담화
65,술담화,"lovesol2020/"" tabindex=""0"">lovesol2020</a></div>]",5,고양이그램
66,술담화,"lovesol2020/"" tabindex=""0"">lovesol2020</a></div>]",5,냥스타그램
67,술담화,"lovesol2020/"" tabindex=""0"">lovesol2020</a></div>]",5,캣스타그램
68,술담화,"lovesol2020/"" tabindex=""0"">lovesol2020</a></div>]",5,catstagram
69,술담화,"drinker100/"" tabindex=""0"">drinker100</a></div>]",146,감자채전
70,술담화,"drinker100/"" tabindex=""0"">drinker100</a></div>]",146,집에서
71,술담화,"drinker100/"" tabindex=""0"">drinker100</a></div>]",146,소소한
72,술담화,"drinker100/"" tabindex=""0"">drinker100</a></div>]",146,술상
73,술담화,"drinker100/"" tabindex=""0"">drinker100</a></div>]",146,감자
74,술담화,"drinker100/"" tabindex=""0"">drinker100</a></div>]",146,얼갈이김치
75,술담화,"drinker100/"" tabindex=""0"">drinker100</a></div>]",146,깻잎짱아찌
76,술담화,"drinker100/"" tabindex=""0"">drinker100</a></div>]",146,술스타그램
77,술담화,"drinker100/"" tabindex=""0"">drinker100</a></div>]",146,안주
78,술담화,"drinker100/"" tabindex=""0"">drinker100</a></div>]",146,안주스타그램
79,술담화,"drinker100/"" tabindex=""0"">drinker100</a></div>]",146,고흥유자주
80,술담화,"drinker100/"" tabindex=""0"">drinker100</a></div>]",146,술담화
81,술담화,"drinker100/"" tabindex=""0"">drinker100</a></div>]",146,담화박스
82,술담화,"sooldamhwa/"" tabindex=""0"">sooldamhwa</a></div>]",318,세종알밤주
83,술담화,"sooldamhwa/"" tabindex=""0"">sooldamhwa</a></div>]",318,술아국화주
84,술담화,"sooldamhwa/"" tabindex=""0"">sooldamhwa</a></div>]",318,크라테산머루레드와인스위트
85,술담화,"sooldamhwa/"" tabindex=""0"">sooldamhwa</a></div>]",318,천비향탁주
86,술담화,"sooldamhwa/"" tabindex=""0"">sooldamhwa</a></div>]",318,추사40
87,술담화,"sooldamhwa/"" tabindex=""0"">sooldamhwa</a></div>]",318,술담화
88,술담화,"sooldamhwa/"" tabindex=""0"">sooldamhwa</a></div>]",318,전통주
89,술담화,"sooldamhwa/"" tabindex=""0"">sooldamhwa</a></div>]",318,술스타그램
90,술담화,"sooldamhwa/"" tabindex=""0"">sooldamhwa</a></div>]",318,가을감성
91,술담화,"sooldamhwa/"" tabindex=""0"">sooldamhwa</a></div>]",318,가을술
92,술담화,"sooldamhwa/"" tabindex=""0"">sooldamhwa</a></div>]",318,알밤막걸리
93,술담화,"sooldamhwa/"" tabindex=""0"">sooldamhwa</a></div>]",318,조은술세종
94,술담화,"sooldamhwa/"" tabindex=""0"">sooldamhwa</a></div>]",318,과하주
95,술담화,"sooldamhwa/"" tabindex=""0"">sooldamhwa</a></div>]",318,술아원
96,술담화,"sooldamhwa/"" tabindex=""0"">sooldamhwa</a></div>]",318,레드와인
97,술담화,"sooldamhwa/"" tabindex=""0"">sooldamhwa</a></div>]",318,수도산와이너리
98,술담화,"sooldamhwa/"" tabindex=""0"">sooldamhwa</a></div>]",318,천비향
99,술담화,"sooldamhwa/"" tabindex=""0"">sooldamhwa</a></div>]",318,좋은술
100,술담화,"sooldamhwa/"" tabindex=""0"">sooldamhwa</a></div>]",318,추사와인
101,술담화,"sooldamhwa/"" tabindex=""0"">sooldamhwa</a></div>]",318,칼바도스
102,술담화,"zayayume/"" tabindex=""0"">zayayume</a></div>]",6,술샘16
103,술담화,"zayayume/"" tabindex=""0"">zayayume</a></div>]",6,콘치즈
104,술담화,"zayayume/"" tabindex=""0"">zayayume</a></div>]",6,술담화
105,술담화,"rosebabyin/"" tabindex=""0"">rosebabyin</a></div>]",3,백순대볶음
106,술담화,"rosebabyin/"" tabindex=""0"">rosebabyin</a></div>]",3,오이미역냉국
107,술담화,"rosebabyin/"" tabindex=""0"">rosebabyin</a></div>]",3,능이주
108,술담화,"rosebabyin/"" tabindex=""0"">rosebabyin</a></div>]",3,술담화
109,술담화,"rosebabyin/"" tabindex=""0"">rosebabyin</a></div>]",3,하루한끼
110,술담화,"rosebabyin/"" tabindex=""0"">rosebabyin</a></div>]",3,집밥
111,술담화,"drunken_ungs_/"" tabindex=""0"">drunken_ungs_</a></div>]",23,꿀샘16🍺
112,술담화,"drunken_ungs_/"" tabindex=""0"">drunken_ungs_</a></div>]",23,한국
113,술담화,"drunken_ungs_/"" tabindex=""0"">drunken_ungs_</a></div>]",23,리큐르
114,술담화,"drunken_ungs_/"" tabindex=""0"">drunken_ungs_</a></div>]",23,꿀물
115,술담화,"drunken_ungs_/"" tabindex=""0"">drunken_ungs_</a></div>]",23,숙취해소
116,술담화,"drunken_ungs_/"" tabindex=""0"">drunken_ungs_</a></div>]",23,달달한_술
117,술담화,"drunken_ungs_/"" tabindex=""0"">drunken_ungs_</a></div>]",23,목넘김이_좋은_술
118,술담화,"sooldamhwa/"" tabindex=""0"">sooldamhwa</a></div>]",303,전통주
119,술담화,"sooldamhwa/"" tabindex=""0"">sooldamhwa</a></div>]",303,전통주스타그램
120,술담화,"sooldamhwa/"" tabindex=""0"">sooldamhwa</a></div>]",303,찾아오는인생술
121,술담화,"sooldamhwa/"" tabindex=""0"">sooldamhwa</a></div>]",303,술담화
122,술담화,"sooldamhwa/"" tabindex=""0"">sooldamhwa</a></div>]",303,담화마켓
123,술담화,"sooldamhwa/"" tabindex=""0"">sooldamhwa</a></div>]",303,추석선물
124,술담화,"sooldamhwa/"" tabindex=""0"">sooldamhwa</a></div>]",303,추석선물추천
125,술담화,"sooldamhwa/"" tabindex=""0"">sooldamhwa</a></div>]",303,전통주이벤트
126,술담화,"sooldamhwa/"" tabindex=""0"">sooldamhwa</a></div>]",303,전통주할인
127,술담화,"sooldamhwa/"" tabindex=""0"">sooldamhwa</a></div>]",303,할인이벤트
128,술담화,"homelivingkorea/"" tabindex=""0"">homelivingkorea</a></div>]",298,아는만큼맛있다
129,술담화,"homelivingkorea/"" tabindex=""0"">homelivingkorea</a></div>]",298,진짜맛있는과일
130,술담화,"homelivingkorea/"" tabindex=""0"">homelivingkorea</a></div>]",298,술담화
131,술담화,"homelivingkorea/"" tabindex=""0"">homelivingkorea</a></div>]",298,월간쿠키
132,술담화,"homelivingkorea/"" tabindex=""0"">homelivingkorea</a></div>]",298,샐러딩
133,술담화,"homelivingkorea/"" tabindex=""0"">homelivingkorea</a></div>]",298,행복이가득한집
134,술담화,"homelivingkorea/"" tabindex=""0"">homelivingkorea</a></div>]",298,homelivingkorea
135,술담화,"homelivingkorea/"" tabindex=""0"">homelivingkorea</a></div>]",298,구독
136,술담화,"homelivingkorea/"" tabindex=""0"">homelivingkorea</a></div>]",298,음식구독
137,술담화,"homelivingkorea/"" tabindex=""0"">homelivingkorea</a></div>]",298,정기구독
138,술담화,"homelivingkorea/"" tabindex=""0"">homelivingkorea</a></div>]",298,과일구독
139,술담화,"homelivingkorea/"" tabindex=""0"">homelivingkorea</a></div>]",298,술구독
140,술담화,"homelivingkorea/"" tabindex=""0"">homelivingkorea</a></div>]",298,쿠키구독
141,술담화,"homelivingkorea/"" tabindex=""0"">homelivingkorea</a></div>]",298,채소구독
142,술담화,"swchoi85/"" tabindex=""0"">swchoi85</a></div>]",3,술담화
143,술담화,"swchoi85/"" tabindex=""0"">swchoi85</a></div>]",3,구독
144,술담화,"swchoi85/"" tabindex=""0"">swchoi85</a></div>]",3,추가구매
145,술담화,"swchoi85/"" tabindex=""0"">swchoi85</a></div>]",3,인생은술
146,술담화,"seha_handmaker/"" tabindex=""0"">seha_handmaker</a></div>]",4,담금주키트
147,술담화,"seha_handmaker/"" tabindex=""0"">seha_handmaker</a></div>]",4,모히또
148,술담화,"seha_handmaker/"" tabindex=""0"">seha_handmaker</a></div>]",4,술담화
149,술담화,"eileen0516/"" tabindex=""0"">eileen0516</a></div>]",30,주말마무리
150,술담화,"eileen0516/"" tabindex=""0"">eileen0516</a></div>]",30,샤브샤브
151,술담화,"eileen0516/"" tabindex=""0"">eileen0516</a></div>]",30,일요일끝
152,술담화,"eileen0516/"" tabindex=""0"">eileen0516</a></div>]",30,술담화
153,술담화,"eileen0516/"" tabindex=""0"">eileen0516</a></div>]",30,홍삼명주
154,술담화,"eileen0516/"" tabindex=""0"">eileen0516</a></div>]",30,오징어숙회
155,술담화,"eileen0516/"" tabindex=""0"">eileen0516</a></div>]",30,홈쿡
156,술담화,"eileen0516/"" tabindex=""0"">eileen0516</a></div>]",30,집밥
157,술담화,"eileen0516/"" tabindex=""0"">eileen0516</a></div>]",30,주말스타그램
158,술담화,"eileen0516/"" tabindex=""0"">eileen0516</a></div>]",30,모도리
159,술담화,"eileen0516/"" tabindex=""0"">eileen0516</a></div>]",30,지금알고있는걸그때도알았더라면
160,술담화,"chs.lele/"" tabindex=""0"">chs.lele</a></div>]",2,술담화
161,술담화,"cest.la.vie__02/"" tabindex=""0"">cest.la.vie__02</a></div>]",115,애호박새우전
162,술담화,"cest.la.vie__02/"" tabindex=""0"">cest.la.vie__02</a></div>]",115,백종원레시피
163,술담화,"cest.la.vie__02/"" tabindex=""0"">cest.la.vie__02</a></div>]",115,홍삼명주
164,술담화,"cest.la.vie__02/"" tabindex=""0"">cest.la.vie__02</a></div>]",115,홍삼명주
165,술담화,"cest.la.vie__02/"" tabindex=""0"">cest.la.vie__02</a></div>]",115,혼술
166,술담화,"cest.la.vie__02/"" tabindex=""0"">cest.la.vie__02</a></div>]",115,혼밥
167,술담화,"cest.la.vie__02/"" tabindex=""0"">cest.la.vie__02</a></div>]",115,혼술녀
168,술담화,"cest.la.vie__02/"" tabindex=""0"">cest.la.vie__02</a></div>]",115,집혼술
169,술담화,"cest.la.vie__02/"" tabindex=""0"">cest.la.vie__02</a></div>]",115,프로혼술러
170,술담화,"cest.la.vie__02/"" tabindex=""0"">cest.la.vie__02</a></div>]",115,우리집
171,술담화,"cest.la.vie__02/"" tabindex=""0"">cest.la.vie__02</a></div>]",115,술안주
172,술담화,"cest.la.vie__02/"" tabindex=""0"">cest.la.vie__02</a></div>]",115,안주요리
173,술담화,"cest.la.vie__02/"" tabindex=""0"">cest.la.vie__02</a></div>]",115,먹스타그램
174,술담화,"cest.la.vie__02/"" tabindex=""0"">cest.la.vie__02</a></div>]",115,술스타그램
175,술담화,"cest.la.vie__02/"" tabindex=""0"">cest.la.vie__02</a></div>]",115,혼술스타그램
176,술담화,"cest.la.vie__02/"" tabindex=""0"">cest.la.vie__02</a></div>]",115,혼밥스타그램
177,술담화,"cest.la.vie__02/"" tabindex=""0"">cest.la.vie__02</a></div>]",115,요리스타그램
178,술담화,"cest.la.vie__02/"" tabindex=""0"">cest.la.vie__02</a></div>]",115,데일리
179,술담화,"cest.la.vie__02/"" tabindex=""0"">cest.la.vie__02</a></div>]",115,직장인
180,술담화,"cest.la.vie__02/"" tabindex=""0"">cest.la.vie__02</a></div>]",115,일상
181,술담화,"cest.la.vie__02/"" tabindex=""0"">cest.la.vie__02</a></div>]",115,퇴근후한잔
182,술담화,"cest.la.vie__02/"" tabindex=""0"">cest.la.vie__02</a></div>]",115,아재술상
183,술담화,"cest.la.vie__02/"" tabindex=""0"">cest.la.vie__02</a></div>]",115,전통주
184,술담화,"cest.la.vie__02/"" tabindex=""0"">cest.la.vie__02</a></div>]",115,14도
185,술담화,"cest.la.vie__02/"" tabindex=""0"">cest.la.vie__02</a></div>]",115,술담화
186,술담화,"cest.la.vie__02/"" tabindex=""0"">cest.la.vie__02</a></div>]",115,담화박스
187,술담화,"cest.la.vie__02/"" tabindex=""0"">cest.la.vie__02</a></div>]",115,찾아오는인생술
188,술담화,"cest.la.vie__02/"" tabindex=""0"">cest.la.vie__02</a></div>]",115,불일
189,술담화,"cest.la.vie__02/"" tabindex=""0"">cest.la.vie__02</a></div>]",115,주말
190,술담화,"soolrame/"" tabindex=""0"">soolrame</a></div>]",17,꿀샘16
191,술담화,"soolrame/"" tabindex=""0"">soolrame</a></div>]",17,꿀샘
192,술담화,"soolrame/"" tabindex=""0"">soolrame</a></div>]",17,칵테일
193,술담화,"soolrame/"" tabindex=""0"">soolrame</a></div>]",17,술
194,술담화,"soolrame/"" tabindex=""0"">soolrame</a></div>]",17,술담화
195,술담화,"soolrame/"" tabindex=""0"">soolrame</a></div>]",17,술레임
196,술담화,"soolrame/"" tabindex=""0"">soolrame</a></div>]",17,전통주
197,술담화,"soolrame/"" tabindex=""0"">soolrame</a></div>]",17,술레이는_전통주
198,술담화,"soolrame/"" tabindex=""0"">soolrame</a></div>]",17,술스타그램
199,술담화,"soolrame/"" tabindex=""0"">soolrame</a></div>]",17,인술타그램
200,술담화,"daily_kkogi/"" tabindex=""0"">daily_kkogi</a></div>]",33,술담화
201,술담화,"daily_kkogi/"" tabindex=""0"">daily_kkogi</a></div>]",33,전통주
202,술담화,"daily_kkogi/"" tabindex=""0"">daily_kkogi</a></div>]",33,8월담화박스
203,술담화,"daily_kkogi/"" tabindex=""0"">daily_kkogi</a></div>]",33,내돈내산후기
204,술담화,"daily_kkogi/"" tabindex=""0"">daily_kkogi</a></div>]",33,술스타그램
205,술담화,"sulseam/"" tabindex=""0"">sulseam</a></div>]",136,술샘
206,술담화,"sulseam/"" tabindex=""0"">sulseam</a></div>]",136,양조장
207,술담화,"sulseam/"" tabindex=""0"">sulseam</a></div>]",136,우리술
208,술담화,"sulseam/"" tabindex=""0"">sulseam</a></div>]",136,전통주
209,술담화,"sulseam/"" tabindex=""0"">sulseam</a></div>]",136,술담화
210,술담화,"sulseam/"" tabindex=""0"">sulseam</a></div>]",136,담화박스
211,술담화,"sulseam/"" tabindex=""0"">sulseam</a></div>]",136,술
212,술담화,"sulseam/"" tabindex=""0"">sulseam</a></div>]",136,술스타그램
213,술담화,"sulseam/"" tabindex=""0"">sulseam</a></div>]",136,식전주
214,술담화,"sulseam/"" tabindex=""0"">sulseam</a></div>]",136,식후주
215,술담화,"sulseam/"" tabindex=""0"">sulseam</a></div>]",136,꿀
216,술담화,"sulseam/"" tabindex=""0"">sulseam</a></div>]",136,리큐르
217,술담화,"sulseam/"" tabindex=""0"">sulseam</a></div>]",136,꿀샘16
218,술담화,"sulseam/"" tabindex=""0"">sulseam</a></div>]",136,꿀술
219,술담화,"sulseam/"" tabindex=""0"">sulseam</a></div>]",136,꿀소주
220,술담화,"sooldamhwa/"" tabindex=""0"">sooldamhwa</a></div>]","1,805",해쉬태그없음
221,술담화,"zellabeeon/"" tabindex=""0"">zellabeeon</a></div>]",133,애인
222,술담화,"zellabeeon/"" tabindex=""0"">zellabeeon</a></div>]",133,야식
223,술담화,"zellabeeon/"" tabindex=""0"">zellabeeon</a></div>]",133,술담화
224,술담화,"zellabeeon/"" tabindex=""0"">zellabeeon</a></div>]",133,전통주
225,술담화,"zellabeeon/"" tabindex=""0"">zellabeeon</a></div>]",133,녹파주
226,술담화,"zellabeeon/"" tabindex=""0"">zellabeeon</a></div>]",133,운동
227,술담화,"zellabeeon/"" tabindex=""0"">zellabeeon</a></div>]",133,운동하는커플
228,술담화,"zellabeeon/"" tabindex=""0"">zellabeeon</a></div>]",133,수분보충
229,술담화,"zellabeeon/"" tabindex=""0"">zellabeeon</a></div>]",133,오리버섯볶음
230,술담화,"by_fulloflove/"" tabindex=""0"">by_fulloflove</a></div>]",114,애주가부부
231,술담화,"by_fulloflove/"" tabindex=""0"">by_fulloflove</a></div>]",114,술담화
232,술담화,"by_fulloflove/"" tabindex=""0"">by_fulloflove</a></div>]",114,찾아오는인생술
233,술담화,"by_fulloflove/"" tabindex=""0"">by_fulloflove</a></div>]",114,술정기구독
234,술담화,"by_fulloflove/"" tabindex=""0"">by_fulloflove</a></div>]",114,🍾🍶🍷🍸🍹🍺
235,술담화,"miamoa0128/"" tabindex=""0"">miamoa0128</a></div>]",125,전통주
236,술담화,"miamoa0128/"" tabindex=""0"">miamoa0128</a></div>]",125,아무튼술
237,술담화,"miamoa0128/"" tabindex=""0"">miamoa0128</a></div>]",125,술담화
238,술담화,"miamoa0128/"" tabindex=""0"">miamoa0128</a></div>]",125,우리술
239,술담화,"miamoa0128/"" tabindex=""0"">miamoa0128</a></div>]",125,능이주
240,술담화,"miamoa0128/"" tabindex=""0"">miamoa0128</a></div>]",125,우렁이쌀청주
241,술담화,"miamoa0128/"" tabindex=""0"">miamoa0128</a></div>]",125,가야곡왕주
242,술담화,"miamoa0128/"" tabindex=""0"">miamoa0128</a></div>]",125,녹파주
243,술담화,"your_proud/"" tabindex=""0"">your_proud</a></div>]",395,전통주
244,술담화,"your_proud/"" tabindex=""0"">your_proud</a></div>]",395,술담화
245,술담화,"your_proud/"" tabindex=""0"">your_proud</a></div>]",395,술스타그램
246,술담화,"your_proud/"" tabindex=""0"">your_proud</a></div>]",395,녹파주
247,술담화,"your_proud/"" tabindex=""0"">your_proud</a></div>]",395,대윤가야곡왕주
248,술담화,"your_proud/"" tabindex=""0"">your_proud</a></div>]",395,능이주
249,술담화,"your_proud/"" tabindex=""0"">your_proud</a></div>]",395,우렁이쌀청주
250,술담화,"your_proud/"" tabindex=""0"">your_proud</a></div>]",395,담화박스
251,술담화,"rosa__chung23/"" tabindex=""0"">rosa__chung23</a></div>]",25,냉파주간
252,술담화,"rosa__chung23/"" tabindex=""0"">rosa__chung23</a></div>]",25,자투리채소와
253,술담화,"rosa__chung23/"" tabindex=""0"">rosa__chung23</a></div>]",25,특제양념
254,술담화,"rosa__chung23/"" tabindex=""0"">rosa__chung23</a></div>]",25,버섯누룩
255,술담화,"rosa__chung23/"" tabindex=""0"">rosa__chung23</a></div>]",25,고추누룩
256,술담화,"rosa__chung23/"" tabindex=""0"">rosa__chung23</a></div>]",25,오징어볶음
257,술담화,"rosa__chung23/"" tabindex=""0"">rosa__chung23</a></div>]",25,맛보장👍
258,술담화,"rosa__chung23/"" tabindex=""0"">rosa__chung23</a></div>]",25,식재료
259,술담화,"rosa__chung23/"" tabindex=""0"">rosa__chung23</a></div>]",25,제로웨이스트
260,술담화,"rosa__chung23/"" tabindex=""0"">rosa__chung23</a></div>]",25,노력중
261,술담화,"rosa__chung23/"" tabindex=""0"">rosa__chung23</a></div>]",25,술담화
262,술담화,"rosa__chung23/"" tabindex=""0"">rosa__chung23</a></div>]",25,꿀샘16
263,술담화,"rosa__chung23/"" tabindex=""0"">rosa__chung23</a></div>]",25,리큐르
264,술담화,"rosa__chung23/"" tabindex=""0"">rosa__chung23</a></div>]",25,후다닥한상
265,술담화,"rosa__chung23/"" tabindex=""0"">rosa__chung23</a></div>]",25,저녁
266,술담화,"rosa__chung23/"" tabindex=""0"">rosa__chung23</a></div>]",25,일상
267,술담화,"lovesol2020/"" tabindex=""0"">lovesol2020</a></div>]",5,장난감부자
268,술담화,"lovesol2020/"" tabindex=""0"">lovesol2020</a></div>]",5,갖고놀면치울줄도알아야지
269,술담화,"lovesol2020/"" tabindex=""0"">lovesol2020</a></div>]",5,술담화
270,술담화,"lovesol2020/"" tabindex=""0"">lovesol2020</a></div>]",5,고양이그램
271,술담화,"lovesol2020/"" tabindex=""0"">lovesol2020</a></div>]",5,냥스타그램
272,술담화,"lovesol2020/"" tabindex=""0"">lovesol2020</a></div>]",5,캣스타그램
273,술담화,"lovesol2020/"" tabindex=""0"">lovesol2020</a></div>]",5,catstagram
274,술담화,"drinker100/"" tabindex=""0"">drinker100</a></div>]",146,감자채전
275,술담화,"drinker100/"" tabindex=""0"">drinker100</a></div>]",146,집에서
276,술담화,"drinker100/"" tabindex=""0"">drinker100</a></div>]",146,소소한
277,술담화,"drinker100/"" tabindex=""0"">drinker100</a></div>]",146,술상
278,술담화,"drinker100/"" tabindex=""0"">drinker100</a></div>]",146,감자
279,술담화,"drinker100/"" tabindex=""0"">drinker100</a></div>]",146,얼갈이김치
280,술담화,"drinker100/"" tabindex=""0"">drinker100</a></div>]",146,깻잎짱아찌
281,술담화,"drinker100/"" tabindex=""0"">drinker100</a></div>]",146,술스타그램
282,술담화,"drinker100/"" tabindex=""0"">drinker100</a></div>]",146,안주
283,술담화,"drinker100/"" tabindex=""0"">drinker100</a></div>]",146,안주스타그램
284,술담화,"drinker100/"" tabindex=""0"">drinker100</a></div>]",146,고흥유자주
285,술담화,"drinker100/"" tabindex=""0"">drinker100</a></div>]",146,술담화
286,술담화,"drinker100/"" tabindex=""0"">drinker100</a></div>]",146,담화박스
287,술담화,"sooldamhwa/"" tabindex=""0"">sooldamhwa</a></div>]",318,세종알밤주
288,술담화,"sooldamhwa/"" tabindex=""0"">sooldamhwa</a></div>]",318,술아국화주
289,술담화,"sooldamhwa/"" tabindex=""0"">sooldamhwa</a></div>]",318,크라테산머루레드와인스위트
290,술담화,"sooldamhwa/"" tabindex=""0"">sooldamhwa</a></div>]",318,천비향탁주
291,술담화,"sooldamhwa/"" tabindex=""0"">sooldamhwa</a></div>]",318,추사40
292,술담화,"sooldamhwa/"" tabindex=""0"">sooldamhwa</a></div>]",318,술담화
293,술담화,"sooldamhwa/"" tabindex=""0"">sooldamhwa</a></div>]",318,전통주
294,술담화,"sooldamhwa/"" tabindex=""0"">sooldamhwa</a></div>]",318,술스타그램
295,술담화,"sooldamhwa/"" tabindex=""0"">sooldamhwa</a></div>]",318,가을감성
296,술담화,"sooldamhwa/"" tabindex=""0"">sooldamhwa</a></div>]",318,가을술
297,술담화,"sooldamhwa/"" tabindex=""0"">sooldamhwa</a></div>]",318,알밤막걸리
298,술담화,"sooldamhwa/"" tabindex=""0"">sooldamhwa</a></div>]",318,조은술세종
299,술담화,"sooldamhwa/"" tabindex=""0"">sooldamhwa</a></div>]",318,과하주
300,술담화,"sooldamhwa/"" tabindex=""0"">sooldamhwa</a></div>]",318,술아원
301,술담화,"sooldamhwa/"" tabindex=""0"">sooldamhwa</a></div>]",318,레드와인
302,술담화,"sooldamhwa/"" tabindex=""0"">sooldamhwa</a></div>]",318,수도산와이너리
303,술담화,"sooldamhwa/"" tabindex=""0"">sooldamhwa</a></div>]",318,천비향
304,술담화,"sooldamhwa/"" tabindex=""0"">sooldamhwa</a></div>]",318,좋은술
305,술담화,"sooldamhwa/"" tabindex=""0"">sooldamhwa</a></div>]",318,추사와인
306,술담화,"sooldamhwa/"" tabindex=""0"">sooldamhwa</a></div>]",318,칼바도스
307,술담화,"zayayume/"" tabindex=""0"">zayayume</a></div>]",6,술샘16
308,술담화,"zayayume/"" tabindex=""0"">zayayume</a></div>]",6,콘치즈
309,술담화,"zayayume/"" tabindex=""0"">zayayume</a></div>]",6,술담화
310,술담화,"rosebabyin/"" tabindex=""0"">rosebabyin</a></div>]",3,백순대볶음
311,술담화,"rosebabyin/"" tabindex=""0"">rosebabyin</a></div>]",3,오이미역냉국
312,술담화,"rosebabyin/"" tabindex=""0"">rosebabyin</a></div>]",3,능이주
313,술담화,"rosebabyin/"" tabindex=""0"">rosebabyin</a></div>]",3,술담화
314,술담화,"rosebabyin/"" tabindex=""0"">rosebabyin</a></div>]",3,하루한끼
315,술담화,"rosebabyin/"" tabindex=""0"">rosebabyin</a></div>]",3,집밥
316,술담화,"drunken_ungs_/"" tabindex=""0"">drunken_ungs_</a></div>]",23,꿀샘16🍺
317,술담화,"drunken_ungs_/"" tabindex=""0"">drunken_ungs_</a></div>]",23,한국
318,술담화,"drunken_ungs_/"" tabindex=""0"">drunken_ungs_</a></div>]",23,리큐르
319,술담화,"drunken_ungs_/"" tabindex=""0"">drunken_ungs_</a></div>]",23,꿀물
320,술담화,"drunken_ungs_/"" tabindex=""0"">drunken_ungs_</a></div>]",23,숙취해소
321,술담화,"drunken_ungs_/"" tabindex=""0"">drunken_ungs_</a></div>]",23,달달한_술
322,술담화,"drunken_ungs_/"" tabindex=""0"">drunken_ungs_</a></div>]",23,목넘김이_좋은_술
323,술담화,"sooldamhwa/"" tabindex=""0"">sooldamhwa</a></div>]",303,전통주
324,술담화,"sooldamhwa/"" tabindex=""0"">sooldamhwa</a></div>]",303,전통주스타그램
325,술담화,"sooldamhwa/"" tabindex=""0"">sooldamhwa</a></div>]",303,찾아오는인생술
326,술담화,"sooldamhwa/"" tabindex=""0"">sooldamhwa</a></div>]",303,술담화
327,술담화,"sooldamhwa/"" tabindex=""0"">sooldamhwa</a></div>]",303,담화마켓
328,술담화,"sooldamhwa/"" tabindex=""0"">sooldamhwa</a></div>]",303,추석선물
329,술담화,"sooldamhwa/"" tabindex=""0"">sooldamhwa</a></div>]",303,추석선물추천
330,술담화,"sooldamhwa/"" tabindex=""0"">sooldamhwa</a></div>]",303,전통주이벤트
331,술담화,"sooldamhwa/"" tabindex=""0"">sooldamhwa</a></div>]",303,전통주할인
332,술담화,"sooldamhwa/"" tabindex=""0"">sooldamhwa</a></div>]",303,할인이벤트
333,술담화,"homelivingkorea/"" tabindex=""0"">homelivingkorea</a></div>]",298,아는만큼맛있다
334,술담화,"homelivingkorea/"" tabindex=""0"">homelivingkorea</a></div>]",298,진짜맛있는과일
335,술담화,"homelivingkorea/"" tabindex=""0"">homelivingkorea</a></div>]",298,술담화
336,술담화,"homelivingkorea/"" tabindex=""0"">homelivingkorea</a></div>]",298,월간쿠키
337,술담화,"homelivingkorea/"" tabindex=""0"">homelivingkorea</a></div>]",298,샐러딩
338,술담화,"homelivingkorea/"" tabindex=""0"">homelivingkorea</a></div>]",298,행복이가득한집
339,술담화,"homelivingkorea/"" tabindex=""0"">homelivingkorea</a></div>]",298,homelivingkorea
340,술담화,"homelivingkorea/"" tabindex=""0"">homelivingkorea</a></div>]",298,구독
341,술담화,"homelivingkorea/"" tabindex=""0"">homelivingkorea</a></div>]",298,음식구독
342,술담화,"homelivingkorea/"" tabindex=""0"">homelivingkorea</a></div>]",298,정기구독
343,술담화,"homelivingkorea/"" tabindex=""0"">homelivingkorea</a></div>]",298,과일구독
344,술담화,"homelivingkorea/"" tabindex=""0"">homelivingkorea</a></div>]",298,술구독
345,술담화,"homelivingkorea/"" tabindex=""0"">homelivingkorea</a></div>]",298,쿠키구독
346,술담화,"homelivingkorea/"" tabindex=""0"">homelivingkorea</a></div>]",298,채소구독
347,술담화,"swchoi85/"" tabindex=""0"">swchoi85</a></div>]",3,술담화
348,술담화,"swchoi85/"" tabindex=""0"">swchoi85</a></div>]",3,구독
349,술담화,"swchoi85/"" tabindex=""0"">swchoi85</a></div>]",3,추가구매
350,술담화,"swchoi85/"" tabindex=""0"">swchoi85</a></div>]",3,인생은술
351,술담화,"seha_handmaker/"" tabindex=""0"">seha_handmaker</a></div>]",4,담금주키트
352,술담화,"seha_handmaker/"" tabindex=""0"">seha_handmaker</a></div>]",4,모히또
353,술담화,"seha_handmaker/"" tabindex=""0"">seha_handmaker</a></div>]",4,술담화
354,술담화,"eileen0516/"" tabindex=""0"">eileen0516</a></div>]",30,주말마무리
355,술담화,"eileen0516/"" tabindex=""0"">eileen0516</a></div>]",30,샤브샤브
356,술담화,"eileen0516/"" tabindex=""0"">eileen0516</a></div>]",30,일요일끝
357,술담화,"eileen0516/"" tabindex=""0"">eileen0516</a></div>]",30,술담화
358,술담화,"eileen0516/"" tabindex=""0"">eileen0516</a></div>]",30,홍삼명주
359,술담화,"eileen0516/"" tabindex=""0"">eileen0516</a></div>]",30,오징어숙회
360,술담화,"eileen0516/"" tabindex=""0"">eileen0516</a></div>]",30,홈쿡
361,술담화,"eileen0516/"" tabindex=""0"">eileen0516</a></div>]",30,집밥
362,술담화,"eileen0516/"" tabindex=""0"">eileen0516</a></div>]",30,주말스타그램
363,술담화,"eileen0516/"" tabindex=""0"">eileen0516</a></div>]",30,모도리
364,술담화,"eileen0516/"" tabindex=""0"">eileen0516</a></div>]",30,지금알고있는걸그때도알았더라면
365,술담화,"chs.lele/"" tabindex=""0"">chs.lele</a></div>]",2,술담화
366,술담화,"cest.la.vie__02/"" tabindex=""0"">cest.la.vie__02</a></div>]",115,애호박새우전
367,술담화,"cest.la.vie__02/"" tabindex=""0"">cest.la.vie__02</a></div>]",115,백종원레시피
368,술담화,"cest.la.vie__02/"" tabindex=""0"">cest.la.vie__02</a></div>]",115,홍삼명주
369,술담화,"cest.la.vie__02/"" tabindex=""0"">cest.la.vie__02</a></div>]",115,홍삼명주
370,술담화,"cest.la.vie__02/"" tabindex=""0"">cest.la.vie__02</a></div>]",115,혼술
371,술담화,"cest.la.vie__02/"" tabindex=""0"">cest.la.vie__02</a></div>]",115,혼밥
372,술담화,"cest.la.vie__02/"" tabindex=""0"">cest.la.vie__02</a></div>]",115,혼술녀
373,술담화,"cest.la.vie__02/"" tabindex=""0"">cest.la.vie__02</a></div>]",115,집혼술
374,술담화,"cest.la.vie__02/"" tabindex=""0"">cest.la.vie__02</a></div>]",115,프로혼술러
375,술담화,"cest.la.vie__02/"" tabindex=""0"">cest.la.vie__02</a></div>]",115,우리집
376,술담화,"cest.la.vie__02/"" tabindex=""0"">cest.la.vie__02</a></div>]",115,술안주
377,술담화,"cest.la.vie__02/"" tabindex=""0"">cest.la.vie__02</a></div>]",115,안주요리
378,술담화,"cest.la.vie__02/"" tabindex=""0"">cest.la.vie__02</a></div>]",115,먹스타그램
379,술담화,"cest.la.vie__02/"" tabindex=""0"">cest.la.vie__02</a></div>]",115,술스타그램
380,술담화,"cest.la.vie__02/"" tabindex=""0"">cest.la.vie__02</a></div>]",115,혼술스타그램
381,술담화,"cest.la.vie__02/"" tabindex=""0"">cest.la.vie__02</a></div>]",115,혼밥스타그램
382,술담화,"cest.la.vie__02/"" tabindex=""0"">cest.la.vie__02</a></div>]",115,요리스타그램
383,술담화,"cest.la.vie__02/"" tabindex=""0"">cest.la.vie__02</a></div>]",115,데일리
384,술담화,"cest.la.vie__02/"" tabindex=""0"">cest.la.vie__02</a></div>]",115,직장인
385,술담화,"cest.la.vie__02/"" tabindex=""0"">cest.la.vie__02</a></div>]",115,일상
386,술담화,"cest.la.vie__02/"" tabindex=""0"">cest.la.vie__02</a></div>]",115,퇴근후한잔
387,술담화,"cest.la.vie__02/"" tabindex=""0"">cest.la.vie__02</a></div>]",115,아재술상
388,술담화,"cest.la.vie__02/"" tabindex=""0"">cest.la.vie__02</a></div>]",115,전통주
389,술담화,"cest.la.vie__02/"" tabindex=""0"">cest.la.vie__02</a></div>]",115,14도
390,술담화,"cest.la.vie__02/"" tabindex=""0"">cest.la.vie__02</a></div>]",115,술담화
391,술담화,"cest.la.vie__02/"" tabindex=""0"">cest.la.vie__02</a></div>]",115,담화박스
392,술담화,"cest.la.vie__02/"" tabindex=""0"">cest.la.vie__02</a></div>]",115,찾아오는인생술
393,술담화,"cest.la.vie__02/"" tabindex=""0"">cest.la.vie__02</a></div>]",115,불일
394,술담화,"cest.la.vie__02/"" tabindex=""0"">cest.la.vie__02</a></div>]",115,주말
395,술담화,"soolrame/"" tabindex=""0"">soolrame</a></div>]",17,꿀샘16
396,술담화,"soolrame/"" tabindex=""0"">soolrame</a></div>]",17,꿀샘
397,술담화,"soolrame/"" tabindex=""0"">soolrame</a></div>]",17,칵테일
398,술담화,"soolrame/"" tabindex=""0"">soolrame</a></div>]",17,술
399,술담화,"soolrame/"" tabindex=""0"">soolrame</a></div>]",17,술담화
400,술담화,"soolrame/"" tabindex=""0"">soolrame</a></div>]",17,술레임
401,술담화,"soolrame/"" tabindex=""0"">soolrame</a></div>]",17,전통주
402,술담화,"soolrame/"" tabindex=""0"">soolrame</a></div>]",17,술레이는_전통주
403,술담화,"soolrame/"" tabindex=""0"">soolrame</a></div>]",17,술스타그램
404,술담화,"soolrame/"" tabindex=""0"">soolrame</a></div>]",17,인술타그램
405,술담화,"daily_kkogi/"" tabindex=""0"">daily_kkogi</a></div>]",33,술담화
406,술담화,"daily_kkogi/"" tabindex=""0"">daily_kkogi</a></div>]",33,전통주
407,술담화,"daily_kkogi/"" tabindex=""0"">daily_kkogi</a></div>]",33,8월담화박스
408,술담화,"daily_kkogi/"" tabindex=""0"">daily_kkogi</a></div>]",33,내돈내산후기
409,술담화,"daily_kkogi/"" tabindex=""0"">daily_kkogi</a></div>]",33,술스타그램
410,술담화,"dongjin3543/"" tabindex=""0"">dongjin3543</a></div>]",9,샤브샤브
411,술담화,"dongjin3543/"" tabindex=""0"">dongjin3543</a></div>]",9,고흥유자
412,술담화,"dongjin3543/"" tabindex=""0"">dongjin3543</a></div>]",9,술담화
413,술담화,"dongjin3543/"" tabindex=""0"">dongjin3543</a></div>]",9,정기구독
414,술담화,"dongjin3543/"" tabindex=""0"">dongjin3543</a></div>]",9,칵테일
415,술담화,"dongjin3543/"" tabindex=""0"">dongjin3543</a></div>]",9,달콤함
416,술담화,"zellabeeon/"" tabindex=""0"">zellabeeon</a></div>]",0,술담화
417,술담화,"zellabeeon/"" tabindex=""0"">zellabeeon</a></div>]",0,전통주
418,술담화,"zellabeeon/"" tabindex=""0"">zellabeeon</a></div>]",0,꿀샘
419,술담화,"zellabeeon/"" tabindex=""0"">zellabeeon</a></div>]",0,첫주반응
420,술담화,"luna_life59/"" tabindex=""0"">luna_life59</a></div>]",16,코로나일상
421,술담화,"luna_life59/"" tabindex=""0"">luna_life59</a></div>]",16,혼술
422,술담화,"luna_life59/"" tabindex=""0"">luna_life59</a></div>]",16,홈술
423,술담화,"luna_life59/"" tabindex=""0"">luna_life59</a></div>]",16,소주엔
424,술담화,"luna_life59/"" tabindex=""0"">luna_life59</a></div>]",16,순댓국
425,술담화,"luna_life59/"" tabindex=""0"">luna_life59</a></div>]",16,금밤
426,술담화,"luna_life59/"" tabindex=""0"">luna_life59</a></div>]",16,토막
427,술담화,"luna_life59/"" tabindex=""0"">luna_life59</a></div>]",16,토란막걸리
428,술담화,"luna_life59/"" tabindex=""0"">luna_life59</a></div>]",16,술담화
429,술담화,"cest.la.vie__02/"" tabindex=""0"">cest.la.vie__02</a></div>]",119,닭목살구이
430,술담화,"cest.la.vie__02/"" tabindex=""0"">cest.la.vie__02</a></div>]",119,구운채소
431,술담화,"cest.la.vie__02/"" tabindex=""0"">cest.la.vie__02</a></div>]",119,꿀샘16
432,술담화,"cest.la.vie__02/"" tabindex=""0"">cest.la.vie__02</a></div>]",119,닭아고마워
433,술담화,"cest.la.vie__02/"" tabindex=""0"">cest.la.vie__02</a></div>]",119,혼술
434,술담화,"cest.la.vie__02/"" tabindex=""0"">cest.la.vie__02</a></div>]",119,혼밥
435,술담화,"cest.la.vie__02/"" tabindex=""0"">cest.la.vie__02</a></div>]",119,혼술녀
436,술담화,"cest.la.vie__02/"" tabindex=""0"">cest.la.vie__02</a></div>]",119,집혼술
437,술담화,"cest.la.vie__02/"" tabindex=""0"">cest.la.vie__02</a></div>]",119,프로혼술러
438,술담화,"cest.la.vie__02/"" tabindex=""0"">cest.la.vie__02</a></div>]",119,우리집
439,술담화,"cest.la.vie__02/"" tabindex=""0"">cest.la.vie__02</a></div>]",119,술안주
440,술담화,"cest.la.vie__02/"" tabindex=""0"">cest.la.vie__02</a></div>]",119,안주요리
441,술담화,"cest.la.vie__02/"" tabindex=""0"">cest.la.vie__02</a></div>]",119,먹스타그램
442,술담화,"cest.la.vie__02/"" tabindex=""0"">cest.la.vie__02</a></div>]",119,술스타그램
443,술담화,"cest.la.vie__02/"" tabindex=""0"">cest.la.vie__02</a></div>]",119,혼술스타그램
444,술담화,"cest.la.vie__02/"" tabindex=""0"">cest.la.vie__02</a></div>]",119,혼밥스타그램
445,술담화,"cest.la.vie__02/"" tabindex=""0"">cest.la.vie__02</a></div>]",119,요리스타그램
446,술담화,"cest.la.vie__02/"" tabindex=""0"">cest.la.vie__02</a></div>]",119,데일리
447,술담화,"cest.la.vie__02/"" tabindex=""0"">cest.la.vie__02</a></div>]",119,직장인
448,술담화,"cest.la.vie__02/"" tabindex=""0"">cest.la.vie__02</a></div>]",119,일상
449,술담화,"cest.la.vie__02/"" tabindex=""0"">cest.la.vie__02</a></div>]",119,퇴근후한잔
450,술담화,"cest.la.vie__02/"" tabindex=""0"">cest.la.vie__02</a></div>]",119,아재술상
451,술담화,"cest.la.vie__02/"" tabindex=""0"">cest.la.vie__02</a></div>]",119,전통주
452,술담화,"cest.la.vie__02/"" tabindex=""0"">cest.la.vie__02</a></div>]",119,16도
453,술담화,"cest.la.vie__02/"" tabindex=""0"">cest.la.vie__02</a></div>]",119,술담화
454,술담화,"cest.la.vie__02/"" tabindex=""0"">cest.la.vie__02</a></div>]",119,담화박스
455,술담화,"cest.la.vie__02/"" tabindex=""0"">cest.la.vie__02</a></div>]",119,찾아오는인생술
456,술담화,"cest.la.vie__02/"" tabindex=""0"">cest.la.vie__02</a></div>]",119,불토
457,술담화,"cest.la.vie__02/"" tabindex=""0"">cest.la.vie__02</a></div>]",119,주말
458,술담화,"daily_kkogi/"" tabindex=""0"">daily_kkogi</a></div>]",34,계림닭도리탕
459,술담화,"daily_kkogi/"" tabindex=""0"">daily_kkogi</a></div>]",34,술담화
460,술담화,"daily_kkogi/"" tabindex=""0"">daily_kkogi</a></div>]",34,고흥유자주
461,술담화,"daily_kkogi/"" tabindex=""0"">daily_kkogi</a></div>]",34,전통주
462,술담화,"daily_kkogi/"" tabindex=""0"">daily_kkogi</a></div>]",34,전통주스타그램
463,술담화,"drunken_ungs_/"" tabindex=""0"">drunken_ungs_</a></div>]",22,한국
464,술담화,"drunken_ungs_/"" tabindex=""0"">drunken_ungs_</a></div>]",22,발효주
465,술담화,"drunken_ungs_/"" tabindex=""0"">drunken_ungs_</a></div>]",22,1년치_홍삼_다먹었다
466,술담화,"drunken_ungs_/"" tabindex=""0"">drunken_ungs_</a></div>]",22,다같이_한잔씩
467,술담화,"drunken_ungs_/"" tabindex=""0"">drunken_ungs_</a></div>]",22,소주잔에_조금씩
468,술담화,"konginkue/"" tabindex=""0"">konginkue</a></div>]",24,바이부처스
469,술담화,"konginkue/"" tabindex=""0"">konginkue</a></div>]",24,육회
470,술담화,"konginkue/"" tabindex=""0"">konginkue</a></div>]",24,브런치
471,술담화,"konginkue/"" tabindex=""0"">konginkue</a></div>]",24,술담화
472,술담화,"konginkue/"" tabindex=""0"">konginkue</a></div>]",24,우렁이쌀
473,술담화,"konginkue/"" tabindex=""0"">konginkue</a></div>]",24,짜파구리
474,술담화,"konginkue/"" tabindex=""0"">konginkue</a></div>]",24,채끝짜파구리
475,술담화,"konginkue/"" tabindex=""0"">konginkue</a></div>]",24,치즈
476,술담화,"konginkue/"" tabindex=""0"">konginkue</a></div>]",24,홈쿡
477,술담화,"konginkue/"" tabindex=""0"">konginkue</a></div>]",24,집밥스타그램
478,술담화,"konginkue/"" tabindex=""0"">konginkue</a></div>]",24,자취
479,술담화,"blue_straggler/"" tabindex=""0"">blue_straggler</a></div>]",45,혼자놀기
480,술담화,"blue_straggler/"" tabindex=""0"">blue_straggler</a></div>]",45,yolo
481,술담화,"blue_straggler/"" tabindex=""0"">blue_straggler</a></div>]",45,흔한
482,술담화,"blue_straggler/"" tabindex=""0"">blue_straggler</a></div>]",45,냉장고
483,술담화,"blue_straggler/"" tabindex=""0"">blue_straggler</a></div>]",45,셀러
484,술담화,"blue_straggler/"" tabindex=""0"">blue_straggler</a></div>]",45,뿌듯함
485,술담화,"blue_straggler/"" tabindex=""0"">blue_straggler</a></div>]",45,술담화
486,술담화,"blue_straggler/"" tabindex=""0"">blue_straggler</a></div>]",45,선물받은담금주
487,술담화,"blue_straggler/"" tabindex=""0"">blue_straggler</a></div>]",45,딸기주
488,술담화,"blue_straggler/"" tabindex=""0"">blue_straggler</a></div>]",45,일상이여행
489,술담화,"blue_straggler/"" tabindex=""0"">blue_straggler</a></div>]",45,일상스타그램
490,술담화,"blue_straggler/"" tabindex=""0"">blue_straggler</a></div>]",45,직장인스타그램
491,술담화,"blue_straggler/"" tabindex=""0"">blue_straggler</a></div>]",45,백수
492,술담화,"sulseam/"" tabindex=""0"">sulseam</a></div>]",136,술샘
493,술담화,"sulseam/"" tabindex=""0"">sulseam</a></div>]",136,양조장
494,술담화,"sulseam/"" tabindex=""0"">sulseam</a></div>]",136,우리술
495,술담화,"sulseam/"" tabindex=""0"">sulseam</a></div>]",136,전통주
496,술담화,"sulseam/"" tabindex=""0"">sulseam</a></div>]",136,술담화
497,술담화,"sulseam/"" tabindex=""0"">sulseam</a></div>]",136,담화박스
498,술담화,"sulseam/"" tabindex=""0"">sulseam</a></div>]",136,술
499,술담화,"sulseam/"" tabindex=""0"">sulseam</a></div>]",136,술스타그램
500,술담화,"sulseam/"" tabindex=""0"">sulseam</a></div>]",136,식전주
501,술담화,"sulseam/"" tabindex=""0"">sulseam</a></div>]",136,식후주
502,술담화,"sulseam/"" tabindex=""0"">sulseam</a></div>]",136,꿀
503,술담화,"sulseam/"" tabindex=""0"">sulseam</a></div>]",136,리큐르
504,술담화,"sulseam/"" tabindex=""0"">sulseam</a></div>]",136,꿀샘16
505,술담화,"sulseam/"" tabindex=""0"">sulseam</a></div>]",136,꿀술
506,술담화,"sulseam/"" tabindex=""0"">sulseam</a></div>]",136,꿀소주
507,술담화,"sulseam/"" tabindex=""0"">sulseam</a></div>]",136,꿀소주
